exp,date,w,fss,q
E10,2018-11-22T06:00:00Z,1,0.461146214388649,1
E10,2018-11-22T06:00:00Z,5,0.566645179278425,1
E10,2018-11-22T06:00:00Z,11,0.63321600543872,1
E10,2018-11-22T06:00:00Z,51,0.81514937747482,1
E10,2018-11-22T06:00:00Z,101,0.909960238523147,1
E10,2018-11-22T06:00:00Z,1,0.398787878787879,5
E10,2018-11-22T06:00:00Z,5,0.49784344876403,5
E10,2018-11-22T06:00:00Z,11,0.580010973581566,5
E10,2018-11-22T06:00:00Z,51,0.821857674198106,5
E10,2018-11-22T06:00:00Z,101,0.905634117011058,5
E10,2018-11-22T06:00:00Z,1,0.347069065583285,10
E10,2018-11-22T06:00:00Z,5,0.44466456626558,10
E10,2018-11-22T06:00:00Z,11,0.544725919518472,10
E10,2018-11-22T06:00:00Z,51,0.854175877427964,10
E10,2018-11-22T06:00:00Z,101,0.921018767307291,10
E10,2018-11-22T06:00:00Z,1,0.0702781844802343,25
E10,2018-11-22T06:00:00Z,5,0.11442268006104,25
E10,2018-11-22T06:00:00Z,11,0.219305647796445,25
E10,2018-11-22T06:00:00Z,51,0.782738410030967,25
E10,2018-11-22T06:00:00Z,101,0.834693166853108,25
E10,2018-11-22T06:00:00Z,1,0,50
E10,2018-11-22T06:00:00Z,5,0,50
E10,2018-11-22T06:00:00Z,11,0.00674950212770298,50
E10,2018-11-22T06:00:00Z,51,0.655442455368289,50
E10,2018-11-22T06:00:00Z,101,0.795565199537335,50
E10,2018-11-22T07:00:00Z,1,0.463603409424905,1
E10,2018-11-22T07:00:00Z,5,0.560691402313661,1
E10,2018-11-22T07:00:00Z,11,0.626713406130856,1
E10,2018-11-22T07:00:00Z,51,0.828088126082914,1
E10,2018-11-22T07:00:00Z,101,0.904244535921869,1
E10,2018-11-22T07:00:00Z,1,0.469296055916126,5
E10,2018-11-22T07:00:00Z,5,0.564494903725202,5
E10,2018-11-22T07:00:00Z,11,0.642419878275596,5
E10,2018-11-22T07:00:00Z,51,0.840962256023896,5
E10,2018-11-22T07:00:00Z,101,0.908833806845714,5
E10,2018-11-22T07:00:00Z,1,0.424506654428637,10
E10,2018-11-22T07:00:00Z,5,0.528438494282429,10
E10,2018-11-22T07:00:00Z,11,0.620056966307756,10
E10,2018-11-22T07:00:00Z,51,0.855258300380876,10
E10,2018-11-22T07:00:00Z,101,0.914233917173705,10
E10,2018-11-22T07:00:00Z,1,0.152228342513771,25
E10,2018-11-22T07:00:00Z,5,0.22313671160911,25
E10,2018-11-22T07:00:00Z,11,0.337923101471205,25
E10,2018-11-22T07:00:00Z,51,0.771105478525112,25
E10,2018-11-22T07:00:00Z,101,0.813079614326324,25
E10,2018-11-22T07:00:00Z,1,0,50
E10,2018-11-22T07:00:00Z,5,0.00871215544509707,50
E10,2018-11-22T07:00:00Z,11,0.0426086451826271,50
E10,2018-11-22T07:00:00Z,51,0.655846059076821,50
E10,2018-11-22T07:00:00Z,101,0.746743172099766,50
E10,2018-11-22T08:00:00Z,1,0.457400659378796,1
E10,2018-11-22T08:00:00Z,5,0.545045012586029,1
E10,2018-11-22T08:00:00Z,11,0.608103233852718,1
E10,2018-11-22T08:00:00Z,51,0.81750504381304,1
E10,2018-11-22T08:00:00Z,101,0.884023352831117,1
E10,2018-11-22T08:00:00Z,1,0.489928158895619,5
E10,2018-11-22T08:00:00Z,5,0.584530292332047,5
E10,2018-11-22T08:00:00Z,11,0.658927847507527,5
E10,2018-11-22T08:00:00Z,51,0.846649721028859,5
E10,2018-11-22T08:00:00Z,101,0.907943497587598,5
E10,2018-11-22T08:00:00Z,1,0.485415520088057,10
E10,2018-11-22T08:00:00Z,5,0.58726081028843,10
E10,2018-11-22T08:00:00Z,11,0.678161868174709,10
E10,2018-11-22T08:00:00Z,51,0.867365386172398,10
E10,2018-11-22T08:00:00Z,101,0.919833276557855,10
E10,2018-11-22T08:00:00Z,1,0.278899082568807,25
E10,2018-11-22T08:00:00Z,5,0.379911423795411,25
E10,2018-11-22T08:00:00Z,11,0.50026096995766,25
E10,2018-11-22T08:00:00Z,51,0.818759628746578,25
E10,2018-11-22T08:00:00Z,101,0.865515697299462,25
E10,2018-11-22T08:00:00Z,1,0.0269299820466786,50
E10,2018-11-22T08:00:00Z,5,0.0700488851794444,50
E10,2018-11-22T08:00:00Z,11,0.155215826450157,50
E10,2018-11-22T08:00:00Z,51,0.661052542632112,50
E10,2018-11-22T08:00:00Z,101,0.762121533732684,50
E10,2018-11-22T09:00:00Z,1,0.502092687010121,1
E10,2018-11-22T09:00:00Z,5,0.581511872671205,1
E10,2018-11-22T09:00:00Z,11,0.63860862623582,1
E10,2018-11-22T09:00:00Z,51,0.83484388797592,1
E10,2018-11-22T09:00:00Z,101,0.892184996700803,1
E10,2018-11-22T09:00:00Z,1,0.511851762724101,5
E10,2018-11-22T09:00:00Z,5,0.596188891174175,5
E10,2018-11-22T09:00:00Z,11,0.66652473944852,5
E10,2018-11-22T09:00:00Z,51,0.845449456161027,5
E10,2018-11-22T09:00:00Z,101,0.899160869907255,5
E10,2018-11-22T09:00:00Z,1,0.485896836527973,10
E10,2018-11-22T09:00:00Z,5,0.581977320621817,10
E10,2018-11-22T09:00:00Z,11,0.669227941656724,10
E10,2018-11-22T09:00:00Z,51,0.848965526356939,10
E10,2018-11-22T09:00:00Z,101,0.904109190070917,10
E10,2018-11-22T09:00:00Z,1,0.342383538153758,25
E10,2018-11-22T09:00:00Z,5,0.454445725683299,25
E10,2018-11-22T09:00:00Z,11,0.577363793223066,25
E10,2018-11-22T09:00:00Z,51,0.836012186682586,25
E10,2018-11-22T09:00:00Z,101,0.868690585346212,25
E10,2018-11-22T09:00:00Z,1,0.124820659971306,50
E10,2018-11-22T09:00:00Z,5,0.210254371262953,50
E10,2018-11-22T09:00:00Z,11,0.307647749356029,50
E10,2018-11-22T09:00:00Z,51,0.63888659097801,50
E10,2018-11-22T09:00:00Z,101,0.719851004178423,50
E10,2018-11-22T10:00:00Z,1,0.527198954679871,1
E10,2018-11-22T10:00:00Z,5,0.604991929817825,1
E10,2018-11-22T10:00:00Z,11,0.661075926054766,1
E10,2018-11-22T10:00:00Z,51,0.844755080158902,1
E10,2018-11-22T10:00:00Z,101,0.893026280399658,1
E10,2018-11-22T10:00:00Z,1,0.538987688098495,5
E10,2018-11-22T10:00:00Z,5,0.623892133877368,5
E10,2018-11-22T10:00:00Z,11,0.692693761954245,5
E10,2018-11-22T10:00:00Z,51,0.857340308953645,5
E10,2018-11-22T10:00:00Z,101,0.898492744314636,5
E10,2018-11-22T10:00:00Z,1,0.496192384769539,10
E10,2018-11-22T10:00:00Z,5,0.588618987709281,10
E10,2018-11-22T10:00:00Z,11,0.674457249830591,10
E10,2018-11-22T10:00:00Z,51,0.849392191321089,10
E10,2018-11-22T10:00:00Z,101,0.893764298529663,10
E10,2018-11-22T10:00:00Z,1,0.331960261691301,25
E10,2018-11-22T10:00:00Z,5,0.432836608885139,25
E10,2018-11-22T10:00:00Z,11,0.536890755099971,25
E10,2018-11-22T10:00:00Z,51,0.800666603858661,25
E10,2018-11-22T10:00:00Z,101,0.836465960970348,25
E10,2018-11-22T10:00:00Z,1,0.206741573033708,50
E10,2018-11-22T10:00:00Z,5,0.321067058921777,50
E10,2018-11-22T10:00:00Z,11,0.41534886386251,50
E10,2018-11-22T10:00:00Z,51,0.69164580154921,50
E10,2018-11-22T10:00:00Z,101,0.739684864739918,50
E10,2018-11-22T11:00:00Z,1,0.559371174537723,1
E10,2018-11-22T11:00:00Z,5,0.63706756177706,1
E10,2018-11-22T11:00:00Z,11,0.696077244330161,1
E10,2018-11-22T11:00:00Z,51,0.865460764811576,1
E10,2018-11-22T11:00:00Z,101,0.895214448053862,1
E10,2018-11-22T11:00:00Z,1,0.559883438562409,5
E10,2018-11-22T11:00:00Z,5,0.637909828066502,5
E10,2018-11-22T11:00:00Z,11,0.705395128596327,5
E10,2018-11-22T11:00:00Z,51,0.855912427917678,5
E10,2018-11-22T11:00:00Z,101,0.885843768668721,5
E10,2018-11-22T11:00:00Z,1,0.528803895949638,10
E10,2018-11-22T11:00:00Z,5,0.610301223942718,10
E10,2018-11-22T11:00:00Z,11,0.689826631531297,10
E10,2018-11-22T11:00:00Z,51,0.851959673524445,10
E10,2018-11-22T11:00:00Z,101,0.878319773891757,10
E10,2018-11-22T11:00:00Z,1,0.342360150227318,25
E10,2018-11-22T11:00:00Z,5,0.437576371588872,25
E10,2018-11-22T11:00:00Z,11,0.54078392832862,25
E10,2018-11-22T11:00:00Z,51,0.791689103821299,25
E10,2018-11-22T11:00:00Z,101,0.825255518289898,25
E10,2018-11-22T11:00:00Z,1,0.234290843806104,50
E10,2018-11-22T11:00:00Z,5,0.352609561359359,50
E10,2018-11-22T11:00:00Z,11,0.44097095102078,50
E10,2018-11-22T11:00:00Z,51,0.700438720215387,50
E10,2018-11-22T11:00:00Z,101,0.732156614255932,50
E10,2018-11-22T12:00:00Z,1,0.609203710396338,1
E10,2018-11-22T12:00:00Z,5,0.687101259854738,1
E10,2018-11-22T12:00:00Z,11,0.746239305747599,1
E10,2018-11-22T12:00:00Z,51,0.895578175520176,1
E10,2018-11-22T12:00:00Z,101,0.914688423323577,1
E10,2018-11-22T12:00:00Z,1,0.610044179965738,5
E10,2018-11-22T12:00:00Z,5,0.689331304003868,5
E10,2018-11-22T12:00:00Z,11,0.754896928323236,5
E10,2018-11-22T12:00:00Z,51,0.884190137650931,5
E10,2018-11-22T12:00:00Z,101,0.900911724868014,5
E10,2018-11-22T12:00:00Z,1,0.533333333333333,10
E10,2018-11-22T12:00:00Z,5,0.608458054897565,10
E10,2018-11-22T12:00:00Z,11,0.679615532260933,10
E10,2018-11-22T12:00:00Z,51,0.832900060441676,10
E10,2018-11-22T12:00:00Z,101,0.856489705831163,10
E10,2018-11-22T12:00:00Z,1,0.338773406631163,25
E10,2018-11-22T12:00:00Z,5,0.417390525868521,25
E10,2018-11-22T12:00:00Z,11,0.508663354582423,25
E10,2018-11-22T12:00:00Z,51,0.754584432695048,25
E10,2018-11-22T12:00:00Z,101,0.792237861750167,25
E10,2018-11-22T12:00:00Z,1,0.214499252615845,50
E10,2018-11-22T12:00:00Z,5,0.319581907824851,50
E10,2018-11-22T12:00:00Z,11,0.401756815304114,50
E10,2018-11-22T12:00:00Z,51,0.593147158850497,50
E10,2018-11-22T12:00:00Z,101,0.611171997278967,50
E10,2018-11-22T13:00:00Z,1,0.621592272961079,1
E10,2018-11-22T13:00:00Z,5,0.698526005095648,1
E10,2018-11-22T13:00:00Z,11,0.75689841756658,1
E10,2018-11-22T13:00:00Z,51,0.900304974421557,1
E10,2018-11-22T13:00:00Z,101,0.91481408129128,1
E10,2018-11-22T13:00:00Z,1,0.634057370253689,5
E10,2018-11-22T13:00:00Z,5,0.714067139695748,5
E10,2018-11-22T13:00:00Z,11,0.77599113566558,5
E10,2018-11-22T13:00:00Z,51,0.896890802376912,5
E10,2018-11-22T13:00:00Z,101,0.912800614074811,5
E10,2018-11-22T13:00:00Z,1,0.595487829012468,10
E10,2018-11-22T13:00:00Z,5,0.674076952917058,10
E10,2018-11-22T13:00:00Z,11,0.739520794255356,10
E10,2018-11-22T13:00:00Z,51,0.872362788004101,10
E10,2018-11-22T13:00:00Z,101,0.893015235832396,10
E10,2018-11-22T13:00:00Z,1,0.367264224473889,25
E10,2018-11-22T13:00:00Z,5,0.447455072604124,25
E10,2018-11-22T13:00:00Z,11,0.523080349491623,25
E10,2018-11-22T13:00:00Z,51,0.740148789775526,25
E10,2018-11-22T13:00:00Z,101,0.772714467472715,25
E10,2018-11-22T13:00:00Z,1,0.200126662444585,50
E10,2018-11-22T13:00:00Z,5,0.277755289575234,50
E10,2018-11-22T13:00:00Z,11,0.336186337927831,50
E10,2018-11-22T13:00:00Z,51,0.460314720798909,50
E10,2018-11-22T13:00:00Z,101,0.467565960261447,50
E10,2018-11-22T14:00:00Z,1,0.607676371169992,1
E10,2018-11-22T14:00:00Z,5,0.68375593103637,1
E10,2018-11-22T14:00:00Z,11,0.74218960993687,1
E10,2018-11-22T14:00:00Z,51,0.891808615762535,1
E10,2018-11-22T14:00:00Z,101,0.90357332779201,1
E10,2018-11-22T14:00:00Z,1,0.639737479490585,5
E10,2018-11-22T14:00:00Z,5,0.721304675989226,5
E10,2018-11-22T14:00:00Z,11,0.779264162043715,5
E10,2018-11-22T14:00:00Z,51,0.891802823055299,5
E10,2018-11-22T14:00:00Z,101,0.90604975841145,5
E10,2018-11-22T14:00:00Z,1,0.598251615355378,10
E10,2018-11-22T14:00:00Z,5,0.674663533303922,10
E10,2018-11-22T14:00:00Z,11,0.731523586976617,10
E10,2018-11-22T14:00:00Z,51,0.855661799230703,10
E10,2018-11-22T14:00:00Z,101,0.871298507682779,10
E10,2018-11-22T14:00:00Z,1,0.434062850729517,25
E10,2018-11-22T14:00:00Z,5,0.5137531804138,25
E10,2018-11-22T14:00:00Z,11,0.578586088051786,25
E10,2018-11-22T14:00:00Z,51,0.766530658566704,25
E10,2018-11-22T14:00:00Z,101,0.79569123119613,25
E10,2018-11-22T14:00:00Z,1,0.214150176199512,50
E10,2018-11-22T14:00:00Z,5,0.293419243001633,50
E10,2018-11-22T14:00:00Z,11,0.355455309631306,50
E10,2018-11-22T14:00:00Z,51,0.468264737370331,50
E10,2018-11-22T14:00:00Z,101,0.47399212535868,50
E10,2018-11-22T15:00:00Z,1,0.604184696838568,1
E10,2018-11-22T15:00:00Z,5,0.683237051469862,1
E10,2018-11-22T15:00:00Z,11,0.737369000240579,1
E10,2018-11-22T15:00:00Z,51,0.8876285692751,1
E10,2018-11-22T15:00:00Z,101,0.908055320535323,1
E10,2018-11-22T15:00:00Z,1,0.611677619155525,5
E10,2018-11-22T15:00:00Z,5,0.690642828802828,5
E10,2018-11-22T15:00:00Z,11,0.742890056379842,5
E10,2018-11-22T15:00:00Z,51,0.862723735511513,5
E10,2018-11-22T15:00:00Z,101,0.87120819396402,5
E10,2018-11-22T15:00:00Z,1,0.568265007320644,10
E10,2018-11-22T15:00:00Z,5,0.643078562529998,10
E10,2018-11-22T15:00:00Z,11,0.696944823687896,10
E10,2018-11-22T15:00:00Z,51,0.825995337678812,10
E10,2018-11-22T15:00:00Z,101,0.841144800709768,10
E10,2018-11-22T15:00:00Z,1,0.433959784465764,25
E10,2018-11-22T15:00:00Z,5,0.507544151322187,25
E10,2018-11-22T15:00:00Z,11,0.568534079597955,25
E10,2018-11-22T15:00:00Z,51,0.728568696842029,25
E10,2018-11-22T15:00:00Z,101,0.752366579253426,25
E10,2018-11-22T15:00:00Z,1,0.244719592134013,50
E10,2018-11-22T15:00:00Z,5,0.320735763624912,50
E10,2018-11-22T15:00:00Z,11,0.377475941306518,50
E10,2018-11-22T15:00:00Z,51,0.453730672293043,50
E10,2018-11-22T15:00:00Z,101,0.451653318216651,50
E10,2018-11-22T16:00:00Z,1,0.591802732422526,1
E10,2018-11-22T16:00:00Z,5,0.672232531317146,1
E10,2018-11-22T16:00:00Z,11,0.720490848893194,1
E10,2018-11-22T16:00:00Z,51,0.869986912183845,1
E10,2018-11-22T16:00:00Z,101,0.899248331594636,1
E10,2018-11-22T16:00:00Z,1,0.601541695865452,5
E10,2018-11-22T16:00:00Z,5,0.681678186246279,5
E10,2018-11-22T16:00:00Z,11,0.728613758470316,5
E10,2018-11-22T16:00:00Z,51,0.848380000112595,5
E10,2018-11-22T16:00:00Z,101,0.864757739625492,5
E10,2018-11-22T16:00:00Z,1,0.545816044260028,10
E10,2018-11-22T16:00:00Z,5,0.617743256223372,10
E10,2018-11-22T16:00:00Z,11,0.666155900959813,10
E10,2018-11-22T16:00:00Z,51,0.795682372382754,10
E10,2018-11-22T16:00:00Z,101,0.811589506261653,10
E10,2018-11-22T16:00:00Z,1,0.416497975708502,25
E10,2018-11-22T16:00:00Z,5,0.485682956701533,25
E10,2018-11-22T16:00:00Z,11,0.542710893228974,25
E10,2018-11-22T16:00:00Z,51,0.678458814723804,25
E10,2018-11-22T16:00:00Z,101,0.696179666218306,25
E10,2018-11-22T16:00:00Z,1,0.235504813073651,50
E10,2018-11-22T16:00:00Z,5,0.298013768079221,50
E10,2018-11-22T16:00:00Z,11,0.346325688011175,50
E10,2018-11-22T16:00:00Z,51,0.385407018113847,50
E10,2018-11-22T16:00:00Z,101,0.368554961643104,50
E10,2018-11-22T17:00:00Z,1,0.58302193695872,1
E10,2018-11-22T17:00:00Z,5,0.668483879651019,1
E10,2018-11-22T17:00:00Z,11,0.715675268018785,1
E10,2018-11-22T17:00:00Z,51,0.862857205590259,1
E10,2018-11-22T17:00:00Z,101,0.892292858674115,1
E10,2018-11-22T17:00:00Z,1,0.58020866266203,5
E10,2018-11-22T17:00:00Z,5,0.664746915948821,5
E10,2018-11-22T17:00:00Z,11,0.710633608464864,5
E10,2018-11-22T17:00:00Z,51,0.83615058395034,5
E10,2018-11-22T17:00:00Z,101,0.863262165267554,5
E10,2018-11-22T17:00:00Z,1,0.530885873902634,10
E10,2018-11-22T17:00:00Z,5,0.606426714389387,10
E10,2018-11-22T17:00:00Z,11,0.650797484659767,10
E10,2018-11-22T17:00:00Z,51,0.776808149772301,10
E10,2018-11-22T17:00:00Z,101,0.799971504482359,10
E10,2018-11-22T17:00:00Z,1,0.375508192682025,25
E10,2018-11-22T17:00:00Z,5,0.444123234029842,25
E10,2018-11-22T17:00:00Z,11,0.498036578957777,25
E10,2018-11-22T17:00:00Z,51,0.596979307240765,25
E10,2018-11-22T17:00:00Z,101,0.599906038348325,25
E10,2018-11-22T17:00:00Z,1,0.211235009467705,50
E10,2018-11-22T17:00:00Z,5,0.260569097177134,50
E10,2018-11-22T17:00:00Z,11,0.304417463973717,50
E10,2018-11-22T17:00:00Z,51,0.341671728501621,50
E10,2018-11-22T17:00:00Z,101,0.318611327773889,50
E10,2018-11-22T18:00:00Z,1,0.560089389173978,1
E10,2018-11-22T18:00:00Z,5,0.647506750850137,1
E10,2018-11-22T18:00:00Z,11,0.694823292804873,1
E10,2018-11-22T18:00:00Z,51,0.845330520606989,1
E10,2018-11-22T18:00:00Z,101,0.87147248909598,1
E10,2018-11-22T18:00:00Z,1,0.538983844532896,5
E10,2018-11-22T18:00:00Z,5,0.628738702721172,5
E10,2018-11-22T18:00:00Z,11,0.67593510530762,5
E10,2018-11-22T18:00:00Z,51,0.802310179384303,5
E10,2018-11-22T18:00:00Z,101,0.828461366818627,5
E10,2018-11-22T18:00:00Z,1,0.510629129560471,10
E10,2018-11-22T18:00:00Z,5,0.59185252564858,10
E10,2018-11-22T18:00:00Z,11,0.639913402165267,10
E10,2018-11-22T18:00:00Z,51,0.762349117385302,10
E10,2018-11-22T18:00:00Z,101,0.791179478624146,10
E10,2018-11-22T18:00:00Z,1,0.380887834632328,25
E10,2018-11-22T18:00:00Z,5,0.459341672184561,25
E10,2018-11-22T18:00:00Z,11,0.508358830103511,25
E10,2018-11-22T18:00:00Z,51,0.58767598896964,25
E10,2018-11-22T18:00:00Z,101,0.589309751743128,25
E10,2018-11-22T18:00:00Z,1,0.191968658178257,50
E10,2018-11-22T18:00:00Z,5,0.238007491470748,50
E10,2018-11-22T18:00:00Z,11,0.27616934850104,50
E10,2018-11-22T18:00:00Z,51,0.311479231236963,50
E10,2018-11-22T18:00:00Z,101,0.283740664263739,50
E10,2018-11-22T19:00:00Z,1,0.551442569406641,1
E10,2018-11-22T19:00:00Z,5,0.638386536171968,1
E10,2018-11-22T19:00:00Z,11,0.683895864521957,1
E10,2018-11-22T19:00:00Z,51,0.830021270654299,1
E10,2018-11-22T19:00:00Z,101,0.855339204751214,1
E10,2018-11-22T19:00:00Z,1,0.520114786940278,5
E10,2018-11-22T19:00:00Z,5,0.610319730352251,5
E10,2018-11-22T19:00:00Z,11,0.659026573175203,5
E10,2018-11-22T19:00:00Z,51,0.779032972017508,5
E10,2018-11-22T19:00:00Z,101,0.80278131949725,5
E10,2018-11-22T19:00:00Z,1,0.484164105305359,10
E10,2018-11-22T19:00:00Z,5,0.569538636135985,10
E10,2018-11-22T19:00:00Z,11,0.618291007745961,10
E10,2018-11-22T19:00:00Z,51,0.729349045396261,10
E10,2018-11-22T19:00:00Z,101,0.756208345544949,10
E10,2018-11-22T19:00:00Z,1,0.392251329920707,25
E10,2018-11-22T19:00:00Z,5,0.477967717342264,25
E10,2018-11-22T19:00:00Z,11,0.525464750737938,25
E10,2018-11-22T19:00:00Z,51,0.598633694507305,25
E10,2018-11-22T19:00:00Z,101,0.606442293931592,25
E10,2018-11-22T19:00:00Z,1,0.179807349268641,50
E10,2018-11-22T19:00:00Z,5,0.224170980047674,50
E10,2018-11-22T19:00:00Z,11,0.253123723174715,50
E10,2018-11-22T19:00:00Z,51,0.287301542052835,50
E10,2018-11-22T19:00:00Z,101,0.264548674509927,50
E10,2018-11-22T20:00:00Z,1,0.564485029286572,1
E10,2018-11-22T20:00:00Z,5,0.650892860814954,1
E10,2018-11-22T20:00:00Z,11,0.693338510943577,1
E10,2018-11-22T20:00:00Z,51,0.832054453960875,1
E10,2018-11-22T20:00:00Z,101,0.858948627810233,1
E10,2018-11-22T20:00:00Z,1,0.526667998401918,5
E10,2018-11-22T20:00:00Z,5,0.615657618886318,5
E10,2018-11-22T20:00:00Z,11,0.661411935227827,5
E10,2018-11-22T20:00:00Z,51,0.771172650622687,5
E10,2018-11-22T20:00:00Z,101,0.79910953516616,5
E10,2018-11-22T20:00:00Z,1,0.481087762669963,10
E10,2018-11-22T20:00:00Z,5,0.56619856559156,10
E10,2018-11-22T20:00:00Z,11,0.609804744135108,10
E10,2018-11-22T20:00:00Z,51,0.697591153663388,10
E10,2018-11-22T20:00:00Z,101,0.726993443063956,10
E10,2018-11-22T20:00:00Z,1,0.348523985239852,25
E10,2018-11-22T20:00:00Z,5,0.424234130256751,25
E10,2018-11-22T20:00:00Z,11,0.465229058286596,25
E10,2018-11-22T20:00:00Z,51,0.534317046789543,25
E10,2018-11-22T20:00:00Z,101,0.546899755502215,25
E10,2018-11-22T20:00:00Z,1,0.192854884603225,50
E10,2018-11-22T20:00:00Z,5,0.249210552924065,50
E10,2018-11-22T20:00:00Z,11,0.277997412755844,50
E10,2018-11-22T20:00:00Z,51,0.295592876878274,50
E10,2018-11-22T20:00:00Z,101,0.281271699858096,50
E10,2018-11-22T21:00:00Z,1,0.568540964817838,1
E10,2018-11-22T21:00:00Z,5,0.65083533645313,1
E10,2018-11-22T21:00:00Z,11,0.692248818403515,1
E10,2018-11-22T21:00:00Z,51,0.827022380896925,1
E10,2018-11-22T21:00:00Z,101,0.853793447561892,1
E10,2018-11-22T21:00:00Z,1,0.505306434649584,5
E10,2018-11-22T21:00:00Z,5,0.590719082206241,5
E10,2018-11-22T21:00:00Z,11,0.634290023127468,5
E10,2018-11-22T21:00:00Z,51,0.73580876259085,5
E10,2018-11-22T21:00:00Z,101,0.765727905220594,5
E10,2018-11-22T21:00:00Z,1,0.458172005162501,10
E10,2018-11-22T21:00:00Z,5,0.538293794900701,10
E10,2018-11-22T21:00:00Z,11,0.576678437839909,10
E10,2018-11-22T21:00:00Z,51,0.652549655830847,10
E10,2018-11-22T21:00:00Z,101,0.685347064581826,10
E10,2018-11-22T21:00:00Z,1,0.386041971693509,25
E10,2018-11-22T21:00:00Z,5,0.459424299601957,25
E10,2018-11-22T21:00:00Z,11,0.49714417250168,25
E10,2018-11-22T21:00:00Z,51,0.56940854845286,25
E10,2018-11-22T21:00:00Z,101,0.591751569034691,25
E10,2018-11-22T21:00:00Z,1,0.241605456453305,50
E10,2018-11-22T21:00:00Z,5,0.313545481553576,50
E10,2018-11-22T21:00:00Z,11,0.350136138449606,50
E10,2018-11-22T21:00:00Z,51,0.397817405333689,50
E10,2018-11-22T21:00:00Z,101,0.394885393083878,50
E10,2018-11-22T22:00:00Z,1,0.550335570469799,1
E10,2018-11-22T22:00:00Z,5,0.626778099525972,1
E10,2018-11-22T22:00:00Z,11,0.668009209864228,1
E10,2018-11-22T22:00:00Z,51,0.799579628057637,1
E10,2018-11-22T22:00:00Z,101,0.82447461394354,1
E10,2018-11-22T22:00:00Z,1,0.463046332770587,5
E10,2018-11-22T22:00:00Z,5,0.537790024928777,5
E10,2018-11-22T22:00:00Z,11,0.573705350210569,5
E10,2018-11-22T22:00:00Z,51,0.662852783582534,5
E10,2018-11-22T22:00:00Z,101,0.694893273087572,5
E10,2018-11-22T22:00:00Z,1,0.447159437996335,10
E10,2018-11-22T22:00:00Z,5,0.520425389391411,10
E10,2018-11-22T22:00:00Z,11,0.554035832914678,10
E10,2018-11-22T22:00:00Z,51,0.628292411409169,10
E10,2018-11-22T22:00:00Z,101,0.660981486604567,10
E10,2018-11-22T22:00:00Z,1,0.403312444046553,25
E10,2018-11-22T22:00:00Z,5,0.477066972119391,25
E10,2018-11-22T22:00:00Z,11,0.514372728077081,25
E10,2018-11-22T22:00:00Z,51,0.586713267151848,25
E10,2018-11-22T22:00:00Z,101,0.609671942526563,25
E10,2018-11-22T22:00:00Z,1,0.2921875,50
E10,2018-11-22T22:00:00Z,5,0.369448837371944,50
E10,2018-11-22T22:00:00Z,11,0.409417891497548,50
E10,2018-11-22T22:00:00Z,51,0.479273952226976,50
E10,2018-11-22T22:00:00Z,101,0.486080248693567,50
E10,2018-11-22T23:00:00Z,1,0.495052882975094,1
E10,2018-11-22T23:00:00Z,5,0.560010849816999,1
E10,2018-11-22T23:00:00Z,11,0.596590032627033,1
E10,2018-11-22T23:00:00Z,51,0.715688273402869,1
E10,2018-11-22T23:00:00Z,101,0.745145770859935,1
E10,2018-11-22T23:00:00Z,1,0.461263834344877,5
E10,2018-11-22T23:00:00Z,5,0.530641888660292,5
E10,2018-11-22T23:00:00Z,11,0.563159939998076,5
E10,2018-11-22T23:00:00Z,51,0.647610950150938,5
E10,2018-11-22T23:00:00Z,101,0.681152146111442,5
E10,2018-11-22T23:00:00Z,1,0.444409695074277,10
E10,2018-11-22T23:00:00Z,5,0.514604564319217,10
E10,2018-11-22T23:00:00Z,11,0.548386125899838,10
E10,2018-11-22T23:00:00Z,51,0.626503215240078,10
E10,2018-11-22T23:00:00Z,101,0.658843836261733,10
E10,2018-11-22T23:00:00Z,1,0.403111543269899,25
E10,2018-11-22T23:00:00Z,5,0.475205481418217,25
E10,2018-11-22T23:00:00Z,11,0.511240124223005,25
E10,2018-11-22T23:00:00Z,51,0.586435691448588,25
E10,2018-11-22T23:00:00Z,101,0.605036900613912,25
E10,2018-11-22T23:00:00Z,1,0.314490848417433,50
E10,2018-11-22T23:00:00Z,5,0.392414625797216,50
E10,2018-11-22T23:00:00Z,11,0.433313641407687,50
E10,2018-11-22T23:00:00Z,51,0.505642124796659,50
E10,2018-11-22T23:00:00Z,101,0.51021603358424,50
E10,2018-11-23T00:00:00Z,1,0.475323268566786,1
E10,2018-11-23T00:00:00Z,5,0.531356356313738,1
E10,2018-11-23T00:00:00Z,11,0.563038387442007,1
E10,2018-11-23T00:00:00Z,51,0.672507762240815,1
E10,2018-11-23T00:00:00Z,101,0.704383705101439,1
E10,2018-11-23T00:00:00Z,1,0.457895186800034,5
E10,2018-11-23T00:00:00Z,5,0.522053229977957,5
E10,2018-11-23T00:00:00Z,11,0.553657043990165,5
E10,2018-11-23T00:00:00Z,51,0.637218049258359,5
E10,2018-11-23T00:00:00Z,101,0.669614164280428,5
E10,2018-11-23T00:00:00Z,1,0.438700663639539,10
E10,2018-11-23T00:00:00Z,5,0.504490557316733,10
E10,2018-11-23T00:00:00Z,11,0.534882443007074,10
E10,2018-11-23T00:00:00Z,51,0.609905462150359,10
E10,2018-11-23T00:00:00Z,101,0.639833791674345,10
E10,2018-11-23T00:00:00Z,1,0.385212472043152,25
E10,2018-11-23T00:00:00Z,5,0.453112414913484,25
E10,2018-11-23T00:00:00Z,11,0.489479738490161,25
E10,2018-11-23T00:00:00Z,51,0.569111938400529,25
E10,2018-11-23T00:00:00Z,101,0.583922294828432,25
E10,2018-11-23T00:00:00Z,1,0.302514653053507,50
E10,2018-11-23T00:00:00Z,5,0.374414453977276,50
E10,2018-11-23T00:00:00Z,11,0.41070105710774,50
E10,2018-11-23T00:00:00Z,51,0.480925082394493,50
E10,2018-11-23T00:00:00Z,101,0.482834324389578,50
E10,2018-11-23T01:00:00Z,1,0.465596178090372,1
E10,2018-11-23T01:00:00Z,5,0.516920008948653,1
E10,2018-11-23T01:00:00Z,11,0.547046050816091,1
E10,2018-11-23T01:00:00Z,51,0.652018845024861,1
E10,2018-11-23T01:00:00Z,101,0.683457143738894,1
E10,2018-11-23T01:00:00Z,1,0.439006118117118,5
E10,2018-11-23T01:00:00Z,5,0.496594561531759,5
E10,2018-11-23T01:00:00Z,11,0.526715868213828,5
E10,2018-11-23T01:00:00Z,51,0.608038503251475,5
E10,2018-11-23T01:00:00Z,101,0.637180795843712,5
E10,2018-11-23T01:00:00Z,1,0.425907185195894,10
E10,2018-11-23T01:00:00Z,5,0.482975224703491,10
E10,2018-11-23T01:00:00Z,11,0.511242165328078,10
E10,2018-11-23T01:00:00Z,51,0.585455024037328,10
E10,2018-11-23T01:00:00Z,101,0.613614743477876,10
E10,2018-11-23T01:00:00Z,1,0.375282592313489,25
E10,2018-11-23T01:00:00Z,5,0.437656389471864,25
E10,2018-11-23T01:00:00Z,11,0.469193813882892,25
E10,2018-11-23T01:00:00Z,51,0.545793266418894,25
E10,2018-11-23T01:00:00Z,101,0.557962617511229,25
E10,2018-11-23T01:00:00Z,1,0.249273255813954,50
E10,2018-11-23T01:00:00Z,5,0.308281844170531,50
E10,2018-11-23T01:00:00Z,11,0.340661747882463,50
E10,2018-11-23T01:00:00Z,51,0.404271234943935,50
E10,2018-11-23T01:00:00Z,101,0.408110134702197,50
E10,2018-11-23T02:00:00Z,1,0.456858768888598,1
E10,2018-11-23T02:00:00Z,5,0.502717896472393,1
E10,2018-11-23T02:00:00Z,11,0.53123428329254,1
E10,2018-11-23T02:00:00Z,51,0.632186968336387,1
E10,2018-11-23T02:00:00Z,101,0.662854574747014,1
E10,2018-11-23T02:00:00Z,1,0.430899898887765,5
E10,2018-11-23T02:00:00Z,5,0.483553237813687,5
E10,2018-11-23T02:00:00Z,11,0.513536036142879,5
E10,2018-11-23T02:00:00Z,51,0.593999544461797,5
E10,2018-11-23T02:00:00Z,101,0.621535034304923,5
E10,2018-11-23T02:00:00Z,1,0.410244448591155,10
E10,2018-11-23T02:00:00Z,5,0.464359623203095,10
E10,2018-11-23T02:00:00Z,11,0.493178150669972,10
E10,2018-11-23T02:00:00Z,51,0.566915259943134,10
E10,2018-11-23T02:00:00Z,101,0.594543955397784,10
E10,2018-11-23T02:00:00Z,1,0.357203338575058,25
E10,2018-11-23T02:00:00Z,5,0.414974383927081,25
E10,2018-11-23T02:00:00Z,11,0.444235766441831,25
E10,2018-11-23T02:00:00Z,51,0.513200082512845,25
E10,2018-11-23T02:00:00Z,101,0.524710872012526,25
E10,2018-11-23T02:00:00Z,1,0.22433295915724,50
E10,2018-11-23T02:00:00Z,5,0.27276245241263,50
E10,2018-11-23T02:00:00Z,11,0.296219340517573,50
E10,2018-11-23T02:00:00Z,51,0.344534674141091,50
E10,2018-11-23T02:00:00Z,101,0.348453982866674,50
E10,2018-11-23T03:00:00Z,1,0.465151659218408,1
E10,2018-11-23T03:00:00Z,5,0.511571231267338,1
E10,2018-11-23T03:00:00Z,11,0.541094829964786,1
E10,2018-11-23T03:00:00Z,51,0.636635532389544,1
E10,2018-11-23T03:00:00Z,101,0.663841471266605,1
E10,2018-11-23T03:00:00Z,1,0.417680260752047,5
E10,2018-11-23T03:00:00Z,5,0.46497495607883,5
E10,2018-11-23T03:00:00Z,11,0.492393546900969,5
E10,2018-11-23T03:00:00Z,51,0.568709373557729,5
E10,2018-11-23T03:00:00Z,101,0.594630023942209,5
E10,2018-11-23T03:00:00Z,1,0.381132597960031,10
E10,2018-11-23T03:00:00Z,5,0.427937763717469,10
E10,2018-11-23T03:00:00Z,11,0.453995709401698,10
E10,2018-11-23T03:00:00Z,51,0.52054945278963,10
E10,2018-11-23T03:00:00Z,101,0.545255146022931,10
E10,2018-11-23T03:00:00Z,1,0.29850209706411,25
E10,2018-11-23T03:00:00Z,5,0.345573416081058,25
E10,2018-11-23T03:00:00Z,11,0.370875995730518,25
E10,2018-11-23T03:00:00Z,51,0.423210971168178,25
E10,2018-11-23T03:00:00Z,101,0.432951088404696,25
E10,2018-11-23T03:00:00Z,1,0.181314994968132,50
E10,2018-11-23T03:00:00Z,5,0.218360250544872,50
E10,2018-11-23T03:00:00Z,11,0.23628895488346,50
E10,2018-11-23T03:00:00Z,51,0.266457406147797,50
E10,2018-11-23T03:00:00Z,101,0.269379595832778,50
E10,2018-11-23T04:00:00Z,1,0.44983647406946,1
E10,2018-11-23T04:00:00Z,5,0.493386393776016,1
E10,2018-11-23T04:00:00Z,11,0.521985150176164,1
E10,2018-11-23T04:00:00Z,51,0.608646298455221,1
E10,2018-11-23T04:00:00Z,101,0.632669055258847,1
E10,2018-11-23T04:00:00Z,1,0.384053990426116,5
E10,2018-11-23T04:00:00Z,5,0.427416646761869,5
E10,2018-11-23T04:00:00Z,11,0.453249491493136,5
E10,2018-11-23T04:00:00Z,51,0.522330252464626,5
E10,2018-11-23T04:00:00Z,101,0.545081124059051,5
E10,2018-11-23T04:00:00Z,1,0.332471131639723,10
E10,2018-11-23T04:00:00Z,5,0.373446976058055,10
E10,2018-11-23T04:00:00Z,11,0.396921397013581,10
E10,2018-11-23T04:00:00Z,51,0.453020220354211,10
E10,2018-11-23T04:00:00Z,101,0.473207876756419,10
E10,2018-11-23T04:00:00Z,1,0.25103200717918,25
E10,2018-11-23T04:00:00Z,5,0.288299666496794,25
E10,2018-11-23T04:00:00Z,11,0.308989060225304,25
E10,2018-11-23T04:00:00Z,51,0.347976988485337,25
E10,2018-11-23T04:00:00Z,101,0.351150783592048,25
E10,2018-11-23T04:00:00Z,1,0.159085380685964,50
E10,2018-11-23T04:00:00Z,5,0.192057048094101,50
E10,2018-11-23T04:00:00Z,11,0.207892646746611,50
E10,2018-11-23T04:00:00Z,51,0.226371158794603,50
E10,2018-11-23T04:00:00Z,101,0.22485523791218,50
E10,2018-11-23T05:00:00Z,1,0.444342113341929,1
E10,2018-11-23T05:00:00Z,5,0.486079338719002,1
E10,2018-11-23T05:00:00Z,11,0.512406803743731,1
E10,2018-11-23T05:00:00Z,51,0.591033415233835,1
E10,2018-11-23T05:00:00Z,101,0.615748278154275,1
E10,2018-11-23T05:00:00Z,1,0.364523690581409,5
E10,2018-11-23T05:00:00Z,5,0.40495587588047,5
E10,2018-11-23T05:00:00Z,11,0.429134649528995,5
E10,2018-11-23T05:00:00Z,51,0.488601642376774,5
E10,2018-11-23T05:00:00Z,101,0.50729426342496,5
E10,2018-11-23T05:00:00Z,1,0.307146431333303,10
E10,2018-11-23T05:00:00Z,5,0.343448657107408,10
E10,2018-11-23T05:00:00Z,11,0.364211057916223,10
E10,2018-11-23T05:00:00Z,51,0.412300547704092,10
E10,2018-11-23T05:00:00Z,101,0.42847437734899,10
E10,2018-11-23T05:00:00Z,1,0.22692801306732,25
E10,2018-11-23T05:00:00Z,5,0.25847443282889,25
E10,2018-11-23T05:00:00Z,11,0.27555829359003,25
E10,2018-11-23T05:00:00Z,51,0.308748374337563,25
E10,2018-11-23T05:00:00Z,101,0.313026890148101,25
E10,2018-11-23T05:00:00Z,1,0.157710552920134,50
E10,2018-11-23T05:00:00Z,5,0.18715011075864,50
E10,2018-11-23T05:00:00Z,11,0.202278477350416,50
E10,2018-11-23T05:00:00Z,51,0.220349518208548,50
E10,2018-11-23T05:00:00Z,101,0.220128522857702,50
E10,2018-11-23T06:00:00Z,1,0.450788291682995,1
E10,2018-11-23T06:00:00Z,5,0.488934519783811,1
E10,2018-11-23T06:00:00Z,11,0.512938345527973,1
E10,2018-11-23T06:00:00Z,51,0.583014661215621,1
E10,2018-11-23T06:00:00Z,101,0.609138338619933,1
E10,2018-11-23T06:00:00Z,1,0.339651366369795,5
E10,2018-11-23T06:00:00Z,5,0.374886484621358,5
E10,2018-11-23T06:00:00Z,11,0.396107499152002,5
E10,2018-11-23T06:00:00Z,51,0.442216339140813,5
E10,2018-11-23T06:00:00Z,101,0.458171761521305,5
E10,2018-11-23T06:00:00Z,1,0.279584341126937,10
E10,2018-11-23T06:00:00Z,5,0.310147714782728,10
E10,2018-11-23T06:00:00Z,11,0.326686046124817,10
E10,2018-11-23T06:00:00Z,51,0.362253793790904,10
E10,2018-11-23T06:00:00Z,101,0.376699341576108,10
E10,2018-11-23T06:00:00Z,1,0.220391581560684,25
E10,2018-11-23T06:00:00Z,5,0.248723366996937,25
E10,2018-11-23T06:00:00Z,11,0.264977272840842,25
E10,2018-11-23T06:00:00Z,51,0.300342209602268,25
E10,2018-11-23T06:00:00Z,101,0.308961308614125,25
E10,2018-11-23T06:00:00Z,1,0.151428998952566,50
E10,2018-11-23T06:00:00Z,5,0.176641835196045,50
E10,2018-11-23T06:00:00Z,11,0.189776176790517,50
E10,2018-11-23T06:00:00Z,51,0.210025375898382,50
E10,2018-11-23T06:00:00Z,101,0.211331757245236,50
E10,2018-11-23T07:00:00Z,1,0.437599352149006,1
E10,2018-11-23T07:00:00Z,5,0.473520068535287,1
E10,2018-11-23T07:00:00Z,11,0.495270458856337,1
E10,2018-11-23T07:00:00Z,51,0.553084446333322,1
E10,2018-11-23T07:00:00Z,101,0.582986029554617,1
E10,2018-11-23T07:00:00Z,1,0.320848375451264,5
E10,2018-11-23T07:00:00Z,5,0.351317265778925,5
E10,2018-11-23T07:00:00Z,11,0.369795064923821,5
E10,2018-11-23T07:00:00Z,51,0.40786356098658,5
E10,2018-11-23T07:00:00Z,101,0.425239199747491,5
E10,2018-11-23T07:00:00Z,1,0.264510158212507,10
E10,2018-11-23T07:00:00Z,5,0.29122735501854,10
E10,2018-11-23T07:00:00Z,11,0.304963123535053,10
E10,2018-11-23T07:00:00Z,51,0.331889705052566,10
E10,2018-11-23T07:00:00Z,101,0.343730361143464,10
E10,2018-11-23T07:00:00Z,1,0.205656944367867,25
E10,2018-11-23T07:00:00Z,5,0.231853596383772,25
E10,2018-11-23T07:00:00Z,11,0.246298200359532,25
E10,2018-11-23T07:00:00Z,51,0.27582592812894,25
E10,2018-11-23T07:00:00Z,101,0.284370104023709,25
E10,2018-11-23T07:00:00Z,1,0.135103589145025,50
E10,2018-11-23T07:00:00Z,5,0.156061770110241,50
E10,2018-11-23T07:00:00Z,11,0.167942247694866,50
E10,2018-11-23T07:00:00Z,51,0.19212886329584,50
E10,2018-11-23T07:00:00Z,101,0.195602952956997,50
E10,2018-11-23T08:00:00Z,1,0.429350579679909,1
E10,2018-11-23T08:00:00Z,5,0.462462858108205,1
E10,2018-11-23T08:00:00Z,11,0.482500830582653,1
E10,2018-11-23T08:00:00Z,51,0.533016130076951,1
E10,2018-11-23T08:00:00Z,101,0.563562287740397,1
E10,2018-11-23T08:00:00Z,1,0.308952168248651,5
E10,2018-11-23T08:00:00Z,5,0.334748244560174,5
E10,2018-11-23T08:00:00Z,11,0.34986506555988,5
E10,2018-11-23T08:00:00Z,51,0.380910454641666,5
E10,2018-11-23T08:00:00Z,101,0.397925020771417,5
E10,2018-11-23T08:00:00Z,1,0.260599793174767,10
E10,2018-11-23T08:00:00Z,5,0.283156230790832,10
E10,2018-11-23T08:00:00Z,11,0.29462430471545,10
E10,2018-11-23T08:00:00Z,51,0.317103118834443,10
E10,2018-11-23T08:00:00Z,101,0.331162026413895,10
E10,2018-11-23T08:00:00Z,1,0.185616104767574,25
E10,2018-11-23T08:00:00Z,5,0.206503317860369,25
E10,2018-11-23T08:00:00Z,11,0.216537926437668,25
E10,2018-11-23T08:00:00Z,51,0.237013749723658,25
E10,2018-11-23T08:00:00Z,101,0.245274687277219,25
E10,2018-11-23T08:00:00Z,1,0.11653520926597,50
E10,2018-11-23T08:00:00Z,5,0.134411021801895,50
E10,2018-11-23T08:00:00Z,11,0.145332713160497,50
E10,2018-11-23T08:00:00Z,51,0.169424556920814,50
E10,2018-11-23T08:00:00Z,101,0.172056349253293,50
E10,2018-11-23T09:00:00Z,1,0.423474094574889,1
E10,2018-11-23T09:00:00Z,5,0.45483792733138,1
E10,2018-11-23T09:00:00Z,11,0.473090775812237,1
E10,2018-11-23T09:00:00Z,51,0.515794875074679,1
E10,2018-11-23T09:00:00Z,101,0.54276995409284,1
E10,2018-11-23T09:00:00Z,1,0.302742149491376,5
E10,2018-11-23T09:00:00Z,5,0.326194048807346,5
E10,2018-11-23T09:00:00Z,11,0.338337221726814,5
E10,2018-11-23T09:00:00Z,51,0.362971646520386,5
E10,2018-11-23T09:00:00Z,101,0.379870497591655,5
E10,2018-11-23T09:00:00Z,1,0.246840022130485,10
E10,2018-11-23T09:00:00Z,5,0.265421016304043,10
E10,2018-11-23T09:00:00Z,11,0.273147604459133,10
E10,2018-11-23T09:00:00Z,51,0.290661133961137,10
E10,2018-11-23T09:00:00Z,101,0.312147633606838,10
E10,2018-11-23T09:00:00Z,1,0.1766577972557,25
E10,2018-11-23T09:00:00Z,5,0.19512253388078,25
E10,2018-11-23T09:00:00Z,11,0.204248305262864,25
E10,2018-11-23T09:00:00Z,51,0.224486007486801,25
E10,2018-11-23T09:00:00Z,101,0.240154057707108,25
E10,2018-11-23T09:00:00Z,1,0.107152644560154,50
E10,2018-11-23T09:00:00Z,5,0.123736733006068,50
E10,2018-11-23T09:00:00Z,11,0.133658706541631,50
E10,2018-11-23T09:00:00Z,51,0.152803454063661,50
E10,2018-11-23T09:00:00Z,101,0.156568292101951,50
E10,2018-11-23T10:00:00Z,1,0.406741305383516,1
E10,2018-11-23T10:00:00Z,5,0.435489577348552,1
E10,2018-11-23T10:00:00Z,11,0.451471325421775,1
E10,2018-11-23T10:00:00Z,51,0.489907416099086,1
E10,2018-11-23T10:00:00Z,101,0.514220167283562,1
E10,2018-11-23T10:00:00Z,1,0.276264735227819,5
E10,2018-11-23T10:00:00Z,5,0.296084708615954,5
E10,2018-11-23T10:00:00Z,11,0.305260254103264,5
E10,2018-11-23T10:00:00Z,51,0.324546669439238,5
E10,2018-11-23T10:00:00Z,101,0.344170663510472,5
E10,2018-11-23T10:00:00Z,1,0.236379724434332,10
E10,2018-11-23T10:00:00Z,5,0.252618850362798,10
E10,2018-11-23T10:00:00Z,11,0.258753769330034,10
E10,2018-11-23T10:00:00Z,51,0.274300458486435,10
E10,2018-11-23T10:00:00Z,101,0.299684619939375,10
E10,2018-11-23T10:00:00Z,1,0.172913030085224,25
E10,2018-11-23T10:00:00Z,5,0.187747780434098,25
E10,2018-11-23T10:00:00Z,11,0.194466381502586,25
E10,2018-11-23T10:00:00Z,51,0.211841986523882,25
E10,2018-11-23T10:00:00Z,101,0.22977898033863,25
E10,2018-11-23T10:00:00Z,1,0.0961846318036286,50
E10,2018-11-23T10:00:00Z,5,0.109819300223851,50
E10,2018-11-23T10:00:00Z,11,0.117352188035542,50
E10,2018-11-23T10:00:00Z,51,0.128398155137786,50
E10,2018-11-23T10:00:00Z,101,0.132582845313247,50
E10,2018-11-23T11:00:00Z,1,0.37278837749043,1
E10,2018-11-23T11:00:00Z,5,0.398444768320421,1
E10,2018-11-23T11:00:00Z,11,0.412264263634269,1
E10,2018-11-23T11:00:00Z,51,0.444527422359332,1
E10,2018-11-23T11:00:00Z,101,0.467249021319901,1
E10,2018-11-23T11:00:00Z,1,0.266617889153101,5
E10,2018-11-23T11:00:00Z,5,0.285569327867974,5
E10,2018-11-23T11:00:00Z,11,0.294226157055,5
E10,2018-11-23T11:00:00Z,51,0.316587366722712,5
E10,2018-11-23T11:00:00Z,101,0.340645319765745,5
E10,2018-11-23T11:00:00Z,1,0.234016887816647,10
E10,2018-11-23T11:00:00Z,5,0.249431653898837,10
E10,2018-11-23T11:00:00Z,11,0.254608499156359,10
E10,2018-11-23T11:00:00Z,51,0.27017094913099,10
E10,2018-11-23T11:00:00Z,101,0.297484422798669,10
E10,2018-11-23T11:00:00Z,1,0.148201512890444,25
E10,2018-11-23T11:00:00Z,5,0.160031382879765,25
E10,2018-11-23T11:00:00Z,11,0.164065492292029,25
E10,2018-11-23T11:00:00Z,51,0.179363564271523,25
E10,2018-11-23T11:00:00Z,101,0.19788752063955,25
E10,2018-11-23T11:00:00Z,1,0.0848684210526316,50
E10,2018-11-23T11:00:00Z,5,0.0933511728900502,50
E10,2018-11-23T11:00:00Z,11,0.0963207516863824,50
E10,2018-11-23T11:00:00Z,51,0.101519323420742,50
E10,2018-11-23T11:00:00Z,101,0.106057556839329,50
